{
  "model": "qwen35_local_judge",
  "model_name": "Qwen/Qwen3.5-9B",
  "adapter": "baselines_v1/outputs/qwen35_9b_reframejudge_lora_r16_e3",
  "judge_mode": "source_candidate",
  "shuffle_order": false,
  "input_jsonl": "data/reframejudge_v1/splits/reframejudge_v1_combined_balanced1000_test.jsonl",
  "records": 100,
  "max_samples": null,
  "temperature": 0.0,
  "max_new_tokens": 512,
  "load_in_4bit": true,
  "metrics": {
    "overall_label": {
      "accuracy": 0.58,
      "macro_precision": 0.5554228968863115,
      "macro_recall": 0.5717948717948719,
      "macro_f1": 0.5563091889627194,
      "weighted_precision": 0.6169492296321565,
      "weighted_recall": 0.58,
      "weighted_f1": 0.5907218786164824,
      "confusion_matrix_labels": [
        "lose",
        "tie",
        "win"
      ],
      "confusion_matrix": [
        [
          12,
          7,
          1
        ],
        [
          6,
          14,
          8
        ],
        [
          8,
          12,
          32
        ]
      ],
      "per_class": {
        "lose": {
          "precision": 0.46153846153846156,
          "recall": 0.6,
          "f1": 0.5217391304347826,
          "support": 20
        },
        "tie": {
          "precision": 0.42424242424242425,
          "recall": 0.5,
          "f1": 0.45901639344262296,
          "support": 28
        },
        "win": {
          "precision": 0.7804878048780488,
          "recall": 0.6153846153846154,
          "f1": 0.6881720430107527,
          "support": 52
        }
      }
    },
    "regression": {
      "improvement_score": {
        "count": 100,
        "mae": 0.826,
        "pearson": 0.4133531058311387,
        "spearman": 0.3740989782789811
      },
      "composition_gain": {
        "count": 100,
        "mae": 0.7,
        "pearson": 0.3926927198184542,
        "spearman": 0.40019563018585824
      },
      "content_preservation": {
        "count": 100,
        "mae": 0.09,
        "pearson": 0.7794710174804481,
        "spearman": 0.852835109325337
      },
      "visual_naturalness": {
        "count": 100,
        "mae": 0.18,
        "pearson": 0.8725382451058902,
        "spearman": 0.9802719815557353
      }
    },
    "by_subset": {
      "aesrecon_500": {
        "count": 20,
        "overall_label": {
          "accuracy": 1.0,
          "macro_precision": 0.3333333333333333,
          "macro_recall": 0.3333333333333333,
          "macro_f1": 0.3333333333333333,
          "weighted_precision": 1.0,
          "weighted_recall": 1.0,
          "weighted_f1": 1.0,
          "confusion_matrix_labels": [
            "lose",
            "tie",
            "win"
          ],
          "confusion_matrix": [
            [
              0,
              0,
              0
            ],
            [
              0,
              0,
              0
            ],
            [
              0,
              0,
              20
            ]
          ],
          "per_class": {
            "lose": {
              "precision": 0.0,
              "recall": 0.0,
              "f1": 0.0,
              "support": 0
            },
            "tie": {
              "precision": 0.0,
              "recall": 0.0,
              "f1": 0.0,
              "support": 0
            },
            "win": {
              "precision": 1.0,
              "recall": 1.0,
              "f1": 1.0,
              "support": 20
            }
          }
        },
        "regression": {
          "improvement_score": {
            "count": 20,
            "mae": 0.4,
            "pearson": 0.37487899712504846,
            "spearman": 0.37796447300922725
          },
          "composition_gain": {
            "count": 20,
            "mae": 0.1,
            "pearson": null,
            "spearman": null
          },
          "content_preservation": {
            "count": 20,
            "mae": 0.0,
            "pearson": null,
            "spearman": null
          },
          "visual_naturalness": {
            "count": 20,
            "mae": 0.0,
            "pearson": null,
            "spearman": null
          }
        }
      },
      "fcdb": {
        "count": 50,
        "overall_label": {
          "accuracy": 0.44,
          "macro_precision": 0.42890442890442887,
          "macro_recall": 0.4362745098039216,
          "macro_f1": 0.41814527706000576,
          "weighted_precision": 0.4302097902097903,
          "weighted_recall": 0.44,
          "weighted_f1": 0.42058225667527993,
          "confusion_matrix_labels": [
            "lose",
            "tie",
            "win"
          ],
          "confusion_matrix": [
            [
              12,
              4,
              1
            ],
            [
              6,
              4,
              6
            ],
            [
              8,
              3,
              6
            ]
          ],
          "per_class": {
            "lose": {
              "precision": 0.46153846153846156,
              "recall": 0.7058823529411765,
              "f1": 0.5581395348837209,
              "support": 17
            },
            "tie": {
              "precision": 0.36363636363636365,
              "recall": 0.25,
              "f1": 0.2962962962962963,
              "support": 16
            },
            "win": {
              "precision": 0.46153846153846156,
              "recall": 0.35294117647058826,
              "f1": 0.4,
              "support": 17
            }
          }
        },
        "regression": {
          "improvement_score": {
            "count": 50,
            "mae": 1.2,
            "pearson": 0.2081470780863948,
            "spearman": 0.21470010755113944
          },
          "composition_gain": {
            "count": 50,
            "mae": 1.06,
            "pearson": 0.24054119741069596,
            "spearman": 0.23132582368268176
          },
          "content_preservation": {
            "count": 50,
            "mae": 0.0,
            "pearson": null,
            "spearman": null
          },
          "visual_naturalness": {
            "count": 50,
            "mae": 0.0,
            "pearson": null,
            "spearman": null
          }
        }
      },
      "reframegen_seedream_strong150": {
        "count": 30,
        "overall_label": {
          "accuracy": 0.5333333333333333,
          "macro_precision": 0.40151515151515155,
          "macro_recall": 0.41111111111111115,
          "macro_f1": 0.3699914748508099,
          "weighted_precision": 0.5568181818181818,
          "weighted_recall": 0.5333333333333333,
          "weighted_f1": 0.4961636828644501,
          "confusion_matrix_labels": [
            "lose",
            "tie",
            "win"
          ],
          "confusion_matrix": [
            [
              0,
              3,
              0
            ],
            [
              0,
              10,
              2
            ],
            [
              0,
              9,
              6
            ]
          ],
          "per_class": {
            "lose": {
              "precision": 0.0,
              "recall": 0.0,
              "f1": 0.0,
              "support": 3
            },
            "tie": {
              "precision": 0.45454545454545453,
              "recall": 0.8333333333333334,
              "f1": 0.5882352941176471,
              "support": 12
            },
            "win": {
              "precision": 0.75,
              "recall": 0.4,
              "f1": 0.5217391304347826,
              "support": 15
            }
          }
        },
        "regression": {
          "improvement_score": {
            "count": 30,
            "mae": 0.48666666666666664,
            "pearson": 0.35413410474139556,
            "spearman": 0.35754847096709713
          },
          "composition_gain": {
            "count": 30,
            "mae": 0.5,
            "pearson": 0.3721337579685017,
            "spearman": 0.35754847096709713
          },