{
  "model": "qwen_vl_local_judge",
  "model_name": "Qwen/Qwen2.5-VL-3B-Instruct",
  "adapter": "baselines_v1/outputs/qwen25vl3b_reframejudge_lora",
  "judge_mode": "source_candidate",
  "shuffle_order": false,
  "input_jsonl": "data/reframejudge_v1/splits/reframejudge_v1_combined_balanced1000_test.jsonl",
  "records": 100,
  "max_samples": null,
  "temperature": 0.0,
  "max_new_tokens": 512,
  "min_pixels": 200704,
  "max_pixels": 602112,
  "load_in_4bit": true,
  "metrics": {
    "overall_label": {
      "accuracy": 0.58,
      "macro_precision": 0.5180395913154534,
      "macro_recall": 0.5128205128205128,
      "macro_f1": 0.5136670347196662,
      "weighted_precision": 0.5603639846743296,
      "weighted_recall": 0.58,
      "weighted_f1": 0.5682841369157159,
      "confusion_matrix_labels": [
        "lose",
        "tie",
        "win"
      ],
      "confusion_matrix": [
        [
          10,
          8,
          2
        ],
        [
          6,
          7,
          15
        ],
        [
          2,
          9,
          41
        ]
      ],
      "per_class": {
        "lose": {
          "precision": 0.5555555555555556,
          "recall": 0.5,
          "f1": 0.5263157894736842,
          "support": 20
        },
        "tie": {
          "precision": 0.2916666666666667,
          "recall": 0.25,
          "f1": 0.2692307692307692,
          "support": 28
        },
        "win": {
          "precision": 0.7068965517241379,
          "recall": 0.7884615384615384,
          "f1": 0.7454545454545455,
          "support": 52
        }
      }
    },
    "regression": {
      "improvement_score": {
        "count": 100,
        "mae": 0.814,
        "pearson": 0.5112671652027309,
        "spearman": 0.4346540994005184
      },
      "composition_gain": {
        "count": 100,
        "mae": 0.65,
        "pearson": 0.545551974003933,
        "spearman": 0.5045995093165943
      },
      "content_preservation": {
        "count": 100,
        "mae": 0.24,
        "pearson": 0.38719168493274403,
        "spearman": 0.27330645340619847
      },
      "visual_naturalness": {
        "count": 100,
        "mae": 0.36,
        "pearson": 0.397747564417433,
        "spearman": 0.34307599248110215
      }
    },
    "by_subset": {
      "aesrecon_500": {
        "count": 20,
        "overall_label": {
          "accuracy": 1.0,
          "macro_precision": 0.3333333333333333,
          "macro_recall": 0.3333333333333333,
          "macro_f1": 0.3333333333333333,
          "weighted_precision": 1.0,
          "weighted_recall": 1.0,
          "weighted_f1": 1.0,
          "confusion_matrix_labels": [
            "lose",
            "tie",
            "win"
          ],
          "confusion_matrix": [
            [
              0,
              0,
              0
            ],
            [
              0,
              0,
              0
            ],
            [
              0,
              0,
              20
            ]
          ],
          "per_class": {
            "lose": {
              "precision": 0.0,
              "recall": 0.0,
              "f1": 0.0,
              "support": 0
            },
            "tie": {
              "precision": 0.0,
              "recall": 0.0,
              "f1": 0.0,
              "support": 0
            },
            "win": {
              "precision": 1.0,
              "recall": 1.0,
              "f1": 1.0,
              "support": 20
            }
          }
        },
        "regression": {
          "improvement_score": {
            "count": 20,
            "mae": 0.6,
            "pearson": -0.039043440472151546,
            "spearman": -0.07216878364870323
          },
          "composition_gain": {
            "count": 20,
            "mae": 0.1,
            "pearson": null,
            "spearman": null
          },
          "content_preservation": {
            "count": 20,
            "mae": 0.0,
            "pearson": null,
            "spearman": null
          },
          "visual_naturalness": {
            "count": 20,
            "mae": 0.0,
            "pearson": null,
            "spearman": null
          }
        }
      },
      "fcdb": {
        "count": 50,
        "overall_label": {
          "accuracy": 0.44,
          "macro_precision": 0.46296296296296297,
          "macro_recall": 0.4375,
          "macro_f1": 0.4439883232986681,
          "weighted_precision": 0.46722222222222226,
          "weighted_recall": 0.44,
          "weighted_f1": 0.44731253420908595,
          "confusion_matrix_labels": [
            "lose",
            "tie",
            "win"
          ],
          "confusion_matrix": [
            [
              10,
              7,
              0
            ],
            [
              6,
              5,
              5
            ],
            [
              2,
              8,
              7
            ]
          ],
          "per_class": {
            "lose": {
              "precision": 0.5555555555555556,
              "recall": 0.5882352941176471,
              "f1": 0.5714285714285714,
              "support": 17
            },
            "tie": {
              "precision": 0.25,
              "recall": 0.3125,
              "f1": 0.2777777777777778,
              "support": 16
            },
            "win": {
              "precision": 0.5833333333333334,
              "recall": 0.4117647058823529,
              "f1": 0.4827586206896552,
              "support": 17
            }
          }
        },
        "regression": {
          "improvement_score": {
            "count": 50,
            "mae": 1.056,
            "pearson": 0.4542063071343177,
            "spearman": 0.4652743588783571
          },
          "composition_gain": {
            "count": 50,
            "mae": 0.92,
            "pearson": 0.5306166648802573,
            "spearman": 0.521668318003345
          },
          "content_preservation": {
            "count": 50,
            "mae": 0.0,
            "pearson": null,
            "spearman": null
          },
          "visual_naturalness": {
            "count": 50,
            "mae": 0.0,
            "pearson": null,
            "spearman": null
          }
        }
      },
      "reframegen_seedream_strong150": {
        "count": 30,
        "overall_label": {
          "accuracy": 0.5333333333333333,
          "macro_precision": 0.3461538461538461,
          "macro_recall": 0.3666666666666667,
          "macro_f1": 0.31097560975609756,
          "weighted_precision": 0.46923076923076923,
          "weighted_recall": 0.5333333333333333,
          "weighted_f1": 0.44146341463414634,
          "confusion_matrix_labels": [
            "lose",
            "tie",
            "win"
          ],
          "confusion_matrix": [
            [
              0,
              1,
              2
            ],
            [
              0,
              2,
              10
            ],
            [
              0,
              1,
              14
            ]
          ],
          "per_class": {
            "lose": {
              "precision": 0.0,
              "recall": 0.0,
              "f1": 0.0,
              "support": 3
            },
            "tie": {
              "precision": 0.5,
              "recall": 0.16666666666666666,
              "f1": 0.25,
              "support": 12
            },
            "win": {
              "precision": 0.5384615384615384,
              "recall": 0.9333333333333333,
              "f1": 0.6829268292682927,
              "support": 15
            }
          }
        },
        "regression": {
          "improvement_score": {
            "count": 30,
            "mae": 0.5533333333333333,
            "pearson": 0.23887554400234662,
            "spearman": 0.2294642589900356
          },
          "composition_gain": {
            "count": 30,
            "mae": 0.5666666666666667,
            "pearson": 0.23748501493997726,