{
  "model": "qwen_vl_local_judge",
  "model_name": "Qwen/Qwen2.5-VL-7B-Instruct",
  "adapter": "baselines_v1/outputs/qwen25vl7b_reframejudge_lora_r16_e3",
  "judge_mode": "source_candidate",
  "shuffle_order": false,
  "input_jsonl": "data/reframejudge_v1/splits/reframejudge_v1_combined_balanced1000_test.jsonl",
  "records": 100,
  "max_samples": null,
  "temperature": 0.0,
  "max_new_tokens": 512,
  "min_pixels": 200704,
  "max_pixels": 602112,
  "load_in_4bit": true,
  "metrics": {
    "overall_label": {
      "accuracy": 0.59,
      "macro_precision": 0.5941358024691358,
      "macro_recall": 0.5016483516483516,
      "macro_f1": 0.5011952531375395,
      "weighted_precision": 0.6235185185185185,
      "weighted_recall": 0.59,
      "weighted_f1": 0.5775207034918467,
      "confusion_matrix_labels": [
        "lose",
        "tie",
        "win"
      ],
      "confusion_matrix": [
        [
          4,
          14,
          2
        ],
        [
          1,
          15,
          12
        ],
        [
          1,
          11,
          40
        ]
      ],
      "per_class": {
        "lose": {
          "precision": 0.6666666666666666,
          "recall": 0.2,
          "f1": 0.3076923076923077,
          "support": 20
        },
        "tie": {
          "precision": 0.375,
          "recall": 0.5357142857142857,
          "f1": 0.4411764705882353,
          "support": 28
        },
        "win": {
          "precision": 0.7407407407407407,
          "recall": 0.7692307692307693,
          "f1": 0.7547169811320755,
          "support": 52
        }
      }
    },
    "regression": {
      "improvement_score": {
        "count": 100,
        "mae": 0.76,
        "pearson": 0.4626147752977512,
        "spearman": 0.4134175621070557
      },
      "composition_gain": {
        "count": 100,
        "mae": 0.63,
        "pearson": 0.469424642589171,
        "spearman": 0.4628883704529341
      },
      "content_preservation": {
        "count": 100,
        "mae": 0.13,
        "pearson": 0.6415992012133056,
        "spearman": 0.717478869582272
      },
      "visual_naturalness": {
        "count": 100,
        "mae": 0.15,
        "pearson": 0.7666666666666659,
        "spearman": 0.8728312753803985
      }
    },
    "by_subset": {
      "aesrecon_500": {
        "count": 20,
        "overall_label": {
          "accuracy": 1.0,
          "macro_precision": 0.3333333333333333,
          "macro_recall": 0.3333333333333333,
          "macro_f1": 0.3333333333333333,
          "weighted_precision": 1.0,
          "weighted_recall": 1.0,
          "weighted_f1": 1.0,
          "confusion_matrix_labels": [
            "lose",
            "tie",
            "win"
          ],
          "confusion_matrix": [
            [
              0,
              0,
              0
            ],
            [
              0,
              0,
              0
            ],
            [
              0,
              0,
              20
            ]
          ],
          "per_class": {
            "lose": {
              "precision": 0.0,
              "recall": 0.0,
              "f1": 0.0,
              "support": 0
            },
            "tie": {
              "precision": 0.0,
              "recall": 0.0,
              "f1": 0.0,
              "support": 0
            },
            "win": {
              "precision": 1.0,
              "recall": 1.0,
              "f1": 1.0,
              "support": 20
            }
          }
        },
        "regression": {
          "improvement_score": {
            "count": 20,
            "mae": 0.35,
            "pearson": 0.45924271768273006,
            "spearman": 0.485071250072666
          },
          "composition_gain": {
            "count": 20,
            "mae": 0.1,
            "pearson": null,
            "spearman": null
          },
          "content_preservation": {
            "count": 20,
            "mae": 0.0,
            "pearson": null,
            "spearman": null
          },
          "visual_naturalness": {
            "count": 20,
            "mae": 0.0,
            "pearson": null,
            "spearman": null
          }
        }
      },
      "fcdb": {
        "count": 50,
        "overall_label": {
          "accuracy": 0.42,
          "macro_precision": 0.5416666666666666,
          "macro_recall": 0.42647058823529416,
          "macro_f1": 0.4031215161649944,
          "weighted_precision": 0.5458333333333333,
          "weighted_recall": 0.42,
          "weighted_f1": 0.4019531772575251,
          "confusion_matrix_labels": [
            "lose",
            "tie",
            "win"
          ],
          "confusion_matrix": [
            [
              4,
              13,
              0
            ],
            [
              1,
              12,
              3
            ],
            [
              1,
              11,
              5
            ]
          ],
          "per_class": {
            "lose": {
              "precision": 0.6666666666666666,
              "recall": 0.23529411764705882,
              "f1": 0.34782608695652173,
              "support": 17
            },
            "tie": {
              "precision": 0.3333333333333333,
              "recall": 0.75,
              "f1": 0.46153846153846156,
              "support": 16
            },
            "win": {
              "precision": 0.625,
              "recall": 0.29411764705882354,
              "f1": 0.4,
              "support": 17
            }
          }
        },
        "regression": {
          "improvement_score": {
            "count": 50,
            "mae": 1.0879999999999999,
            "pearson": 0.2996153696944298,
            "spearman": 0.2653193337734798
          },
          "composition_gain": {
            "count": 50,
            "mae": 0.92,
            "pearson": 0.38478382587485677,
            "spearman": 0.38664048771508314
          },
          "content_preservation": {
            "count": 50,
            "mae": 0.0,
            "pearson": null,
            "spearman": null
          },
          "visual_naturalness": {
            "count": 50,
            "mae": 0.0,
            "pearson": null,
            "spearman": null
          }
        }
      },
      "reframegen_seedream_strong150": {
        "count": 30,
        "overall_label": {
          "accuracy": 0.6,
          "macro_precision": 0.4423076923076923,
          "macro_recall": 0.4166666666666667,
          "macro_f1": 0.36890243902439024,
          "weighted_precision": 0.5884615384615385,
          "weighted_recall": 0.6,
          "weighted_f1": 0.5158536585365854,
          "confusion_matrix_labels": [
            "lose",
            "tie",
            "win"
          ],
          "confusion_matrix": [
            [
              0,
              1,
              2
            ],
            [
              0,
              3,
              9
            ],
            [
              0,
              0,
              15
            ]
          ],
          "per_class": {
            "lose": {
              "precision": 0.0,
              "recall": 0.0,
              "f1": 0.0,
              "support": 3
            },
            "tie": {
              "precision": 0.75,
              "recall": 0.25,
              "f1": 0.375,
              "support": 12
            },
            "win": {
              "precision": 0.5769230769230769,
              "recall": 1.0,
              "f1": 0.7317073170731707,
              "support": 15
            }
          }
        },
        "regression": {
          "improvement_score": {
            "count": 30,
            "mae": 0.48666666666666664,
            "pearson": 0.3810633678132674,
            "spearman": 0.39070941395600656
          },
          "composition_gain": {
            "count": 30,
            "mae": 0.5,
            "pearson": 0.37449560048227176,
            "spearman": 0.39070941395600656
          },