{
  "model": "qwen35_local_judge",
  "model_name": "Qwen/Qwen3.5-9B",
  "adapter": null,
  "judge_mode": "blind_ab",
  "shuffle_order": true,
  "input_jsonl": "data/reframejudge_v1/splits/reframejudge_v1_combined_balanced1000_test.jsonl",
  "records": 100,
  "max_samples": null,
  "temperature": 0.0,
  "max_new_tokens": 512,
  "load_in_4bit": true,
  "metrics": {
    "overall_label": {
      "accuracy": 0.47,
      "macro_precision": 0.3833333333333333,
      "macro_recall": 0.4195970695970696,
      "macro_f1": 0.35910493827160495,
      "weighted_precision": 0.45,
      "weighted_recall": 0.47,
      "weighted_f1": 0.4278703703703704,
      "confusion_matrix_labels": [
        "lose",
        "tie",
        "win"
      ],
      "confusion_matrix": [
        [
          11,
          2,
          7
        ],
        [
          13,
          1,
          14
        ],
        [
          16,
          1,
          35
        ]
      ],
      "per_class": {
        "lose": {
          "precision": 0.275,
          "recall": 0.55,
          "f1": 0.36666666666666664,
          "support": 20
        },
        "tie": {
          "precision": 0.25,
          "recall": 0.03571428571428571,
          "f1": 0.0625,
          "support": 28
        },
        "win": {
          "precision": 0.625,
          "recall": 0.6730769230769231,
          "f1": 0.6481481481481481,
          "support": 52
        }
      }
    },
    "regression": {
      "improvement_score": {
        "count": 100,
        "mae": 1.036,
        "pearson": 0.24702245630902142,
        "spearman": 0.24191182555350796
      },
      "composition_gain": {
        "count": 100,
        "mae": 1.24,
        "pearson": 0.14075262724087884,
        "spearman": 0.07743553744161001
      },
      "content_preservation": {
        "count": 100,
        "mae": 0.26,
        "pearson": null,
        "spearman": null
      },
      "visual_naturalness": {
        "count": 100,
        "mae": 0.45,
        "pearson": -0.08069700435584026,
        "spearman": -0.06475269477505598
      }
    },
    "by_subset": {
      "aesrecon_500": {
        "count": 20,
        "overall_label": {
          "accuracy": 0.85,
          "macro_precision": 0.3333333333333333,
          "macro_recall": 0.2833333333333333,
          "macro_f1": 0.30630630630630634,
          "weighted_precision": 1.0,
          "weighted_recall": 0.85,
          "weighted_f1": 0.918918918918919,
          "confusion_matrix_labels": [
            "lose",
            "tie",
            "win"
          ],
          "confusion_matrix": [
            [
              0,
              0,
              0
            ],
            [
              0,
              0,
              0
            ],
            [
              3,
              0,
              17
            ]
          ],
          "per_class": {
            "lose": {
              "precision": 0.0,
              "recall": 0.0,
              "f1": 0.0,
              "support": 0
            },
            "tie": {
              "precision": 0.0,
              "recall": 0.0,
              "f1": 0.0,
              "support": 0
            },
            "win": {
              "precision": 1.0,
              "recall": 0.85,
              "f1": 0.918918918918919,
              "support": 20
            }
          }
        },
        "regression": {
          "improvement_score": {
            "count": 20,
            "mae": 0.75,
            "pearson": 0.30797881178659864,
            "spearman": 0.31496491638073704
          },
          "composition_gain": {
            "count": 20,
            "mae": 0.45,
            "pearson": 0.2445997952351143,
            "spearman": 0.24459979523511433
          },
          "content_preservation": {
            "count": 20,
            "mae": 0.0,
            "pearson": null,
            "spearman": null
          },
          "visual_naturalness": {
            "count": 20,
            "mae": 0.35,
            "pearson": null,
            "spearman": null
          }
        }
      },
      "fcdb": {
        "count": 50,
        "overall_label": {
          "accuracy": 0.42,
          "macro_precision": 0.37285714285714283,
          "macro_recall": 0.4129901960784314,
          "macro_f1": 0.36583124477861323,
          "weighted_precision": 0.3753142857142857,
          "weighted_recall": 0.42,
          "weighted_f1": 0.37114786967418545,
          "confusion_matrix_labels": [
            "lose",
            "tie",
            "win"
          ],
          "confusion_matrix": [
            [
              9,
              2,
              6
            ],
            [
              7,
              1,
              8
            ],
            [
              5,
              1,
              11
            ]
          ],
          "per_class": {
            "lose": {
              "precision": 0.42857142857142855,
              "recall": 0.5294117647058824,
              "f1": 0.47368421052631576,
              "support": 17
            },
            "tie": {
              "precision": 0.25,
              "recall": 0.0625,
              "f1": 0.1,
              "support": 16
            },
            "win": {
              "precision": 0.44,
              "recall": 0.6470588235294118,
              "f1": 0.5238095238095238,
              "support": 17
            }
          }
        },
        "regression": {
          "improvement_score": {
            "count": 50,
            "mae": 1.224,
            "pearson": 0.15360612512931027,
            "spearman": 0.15795460662744557
          },
          "composition_gain": {
            "count": 50,
            "mae": 1.54,
            "pearson": 3.1478101045816604e-17,
            "spearman": 0.006668573558259384
          },
          "content_preservation": {
            "count": 50,
            "mae": 0.0,
            "pearson": null,
            "spearman": null
          },
          "visual_naturalness": {
            "count": 50,
            "mae": 0.0,
            "pearson": null,
            "spearman": null
          }
        }
      },
      "reframegen_seedream_strong150": {
        "count": 30,
        "overall_label": {
          "accuracy": 0.3,
          "macro_precision": 0.20833333333333334,
          "macro_recall": 0.37777777777777777,
          "macro_f1": 0.2310949788263763,
          "weighted_precision": 0.2625,
          "weighted_recall": 0.3,
          "weighted_f1": 0.262431941923775,
          "confusion_matrix_labels": [
            "lose",
            "tie",
            "win"
          ],
          "confusion_matrix": [
            [
              2,
              0,
              1
            ],
            [
              6,
              0,
              6
            ],
            [
              8,
              0,
              7
            ]
          ],
          "per_class": {
            "lose": {
              "precision": 0.125,
              "recall": 0.6666666666666666,
              "f1": 0.21052631578947367,
              "support": 3
            },
            "tie": {
              "precision": 0.0,
              "recall": 0.0,
              "f1": 0.0,
              "support": 12
            },
            "win": {
              "precision": 0.5,
              "recall": 0.4666666666666667,
              "f1": 0.4827586206896552,
              "support": 15
            }
          }
        },
        "regression": {
          "improvement_score": {
            "count": 30,
            "mae": 0.9133333333333333,
            "pearson": 0.16108491938837788,
            "spearman": 0.10109617763311715
          },
          "composition_gain": {
            "count": 30,
            "mae": 1.2666666666666666,
            "pearson": -0.21343182831111582,
            "spearman": -0.27142578667465933
          },
          "content_preservation": {
            "count": 30,
            "mae": 0.8666666666666667,