{
  "model": "qwen_vl_local_judge",
  "model_name": "Qwen/Qwen2.5-VL-3B-Instruct",
  "adapter": "baselines_v1/outputs/qwen25vl3b_reframejudge_lora",
  "judge_mode": "blind_ab",
  "shuffle_order": true,
  "input_jsonl": "data/reframejudge_v1/splits/reframejudge_v1_combined_balanced1000_test.jsonl",
  "records": 100,
  "max_samples": null,
  "temperature": 0.0,
  "max_new_tokens": 512,
  "min_pixels": 200704,
  "max_pixels": 602112,
  "load_in_4bit": true,
  "metrics": {
    "overall_label": {
      "accuracy": 0.45,
      "macro_precision": 0.4453703703703704,
      "macro_recall": 0.45146520146520147,
      "macro_f1": 0.43398630355152096,
      "weighted_precision": 0.4958888888888889,
      "weighted_recall": 0.45,
      "weighted_f1": 0.4611944577161968,
      "confusion_matrix_labels": [
        "lose",
        "tie",
        "win"
      ],
      "confusion_matrix": [
        [
          10,
          3,
          7
        ],
        [
          8,
          11,
          9
        ],
        [
          18,
          10,
          24
        ]
      ],
      "per_class": {
        "lose": {
          "precision": 0.2777777777777778,
          "recall": 0.5,
          "f1": 0.35714285714285715,
          "support": 20
        },
        "tie": {
          "precision": 0.4583333333333333,
          "recall": 0.39285714285714285,
          "f1": 0.4230769230769231,
          "support": 28
        },
        "win": {
          "precision": 0.6,
          "recall": 0.46153846153846156,
          "f1": 0.5217391304347826,
          "support": 52
        }
      }
    },
    "regression": {
      "improvement_score": {
        "count": 100,
        "mae": 1.14,
        "pearson": 0.06495402612942153,
        "spearman": 0.02741185434494554
      },
      "composition_gain": {
        "count": 100,
        "mae": 0.84,
        "pearson": -0.005470364570098763,
        "spearman": 0.040030838951508524
      },
      "content_preservation": {
        "count": 100,
        "mae": 0.17,
        "pearson": 0.6033374836613598,
        "spearman": 0.6346665391052421
      },
      "visual_naturalness": {
        "count": 100,
        "mae": 0.19,
        "pearson": 0.7542651708195076,
        "spearman": 0.7950087925232932
      }
    },
    "by_subset": {
      "aesrecon_500": {
        "count": 20,
        "overall_label": {
          "accuracy": 0.6,
          "macro_precision": 0.3333333333333333,
          "macro_recall": 0.19999999999999998,
          "macro_f1": 0.25,
          "weighted_precision": 1.0,
          "weighted_recall": 0.6,
          "weighted_f1": 0.75,
          "confusion_matrix_labels": [
            "lose",
            "tie",
            "win"
          ],
          "confusion_matrix": [
            [
              0,
              0,
              0
            ],
            [
              0,
              0,
              0
            ],
            [
              6,
              2,
              12
            ]
          ],
          "per_class": {
            "lose": {
              "precision": 0.0,
              "recall": 0.0,
              "f1": 0.0,
              "support": 0
            },
            "tie": {
              "precision": 0.0,
              "recall": 0.0,
              "f1": 0.0,
              "support": 0
            },
            "win": {
              "precision": 1.0,
              "recall": 0.6,
              "f1": 0.75,
              "support": 20
            }
          }
        },
        "regression": {
          "improvement_score": {
            "count": 20,
            "mae": 1.21,
            "pearson": -0.23705391842292675,
            "spearman": -0.24390907012990415
          },
          "composition_gain": {
            "count": 20,
            "mae": 0.25,
            "pearson": -0.14002800840280094,
            "spearman": -0.140028008402801
          },
          "content_preservation": {
            "count": 20,
            "mae": 0.15,
            "pearson": null,
            "spearman": null
          },
          "visual_naturalness": {
            "count": 20,
            "mae": 0.15,
            "pearson": null,
            "spearman": null
          }
        }
      },
      "fcdb": {
        "count": 50,
        "overall_label": {
          "accuracy": 0.36,
          "macro_precision": 0.23939881910896402,
          "macro_recall": 0.35294117647058826,
          "macro_f1": 0.28484848484848485,
          "weighted_precision": 0.2441867954911433,
          "weighted_recall": 0.36,
          "weighted_f1": 0.29054545454545455,
          "confusion_matrix_labels": [
            "lose",
            "tie",
            "win"
          ],
          "confusion_matrix": [
            [
              10,
              0,
              7
            ],
            [
              8,
              0,
              8
            ],
            [
              9,
              0,
              8
            ]
          ],
          "per_class": {
            "lose": {
              "precision": 0.37037037037037035,
              "recall": 0.5882352941176471,
              "f1": 0.45454545454545453,
              "support": 17
            },
            "tie": {
              "precision": 0.0,
              "recall": 0.0,
              "f1": 0.0,
              "support": 16
            },
            "win": {
              "precision": 0.34782608695652173,
              "recall": 0.47058823529411764,
              "f1": 0.4,
              "support": 17
            }
          }
        },
        "regression": {
          "improvement_score": {
            "count": 50,
            "mae": 1.4239999999999997,
            "pearson": 0.048157674060642044,
            "spearman": 0.04794983740606659
          },
          "composition_gain": {
            "count": 50,
            "mae": 1.32,
            "pearson": null,
            "spearman": null
          },
          "content_preservation": {
            "count": 50,
            "mae": 0.0,
            "pearson": null,
            "spearman": null
          },
          "visual_naturalness": {
            "count": 50,
            "mae": 0.0,
            "pearson": null,
            "spearman": null
          }
        }
      },
      "reframegen_seedream_strong150": {
        "count": 30,
        "overall_label": {
          "accuracy": 0.5,
          "macro_precision": 0.43333333333333335,
          "macro_recall": 0.39444444444444443,
          "macro_f1": 0.3490196078431373,
          "weighted_precision": 0.6,
          "weighted_recall": 0.5,
          "weighted_f1": 0.45882352941176474,
          "confusion_matrix_labels": [
            "lose",
            "tie",
            "win"
          ],
          "confusion_matrix": [
            [
              0,
              3,
              0
            ],
            [
              0,
              11,
              1
            ],
            [
              3,
              8,
              4
            ]
          ],
          "per_class": {
            "lose": {
              "precision": 0.0,
              "recall": 0.0,
              "f1": 0.0,
              "support": 3
            },
            "tie": {
              "precision": 0.5,
              "recall": 0.9166666666666666,
              "f1": 0.6470588235294118,
              "support": 12
            },
            "win": {
              "precision": 0.8,
              "recall": 0.26666666666666666,
              "f1": 0.4,
              "support": 15
            }
          }
        },
        "regression": {
          "improvement_score": {
            "count": 30,
            "mae": 0.62,
            "pearson": -0.041531321665088425,
            "spearman": -0.03724095714249151
          },
          "composition_gain": {
            "count": 30,
            "mae": 0.43333333333333335,
            "pearson": 0.4774546328652478,
            "spearman": 0.48149860756902413
          },