{
  "model": "qwen35_local_judge",
  "model_name": "Qwen/Qwen3.5-4B",
  "adapter": "baselines_v1/outputs/qwen35_4b_reframejudge_lora_r16_e3",
  "judge_mode": "source_candidate",
  "shuffle_order": false,
  "input_jsonl": "data/reframejudge_v1/splits/reframejudge_v1_combined_balanced1000_test.jsonl",
  "records": 100,
  "max_samples": null,
  "temperature": 0.0,
  "max_new_tokens": 512,
  "load_in_4bit": true,
  "metrics": {
    "overall_label": {
      "accuracy": 0.59,
      "macro_precision": 0.5505882352941177,
      "macro_recall": 0.5371794871794872,
      "macro_f1": 0.5405158479162274,
      "weighted_precision": 0.6000941176470588,
      "weighted_recall": 0.59,
      "weighted_f1": 0.592595403752899,
      "confusion_matrix_labels": [
        "lose",
        "tie",
        "win"
      ],
      "confusion_matrix": [
        [
          8,
          9,
          3
        ],
        [
          4,
          14,
          10
        ],
        [
          4,
          11,
          37
        ]
      ],
      "per_class": {
        "lose": {
          "precision": 0.5,
          "recall": 0.4,
          "f1": 0.4444444444444444,
          "support": 20
        },
        "tie": {
          "precision": 0.4117647058823529,
          "recall": 0.5,
          "f1": 0.45161290322580644,
          "support": 28
        },
        "win": {
          "precision": 0.74,
          "recall": 0.7115384615384616,
          "f1": 0.7254901960784313,
          "support": 52
        }
      }
    },
    "regression": {
      "improvement_score": {
        "count": 100,
        "mae": 0.78,
        "pearson": 0.40453961804747945,
        "spearman": 0.36539585037903016
      },
      "composition_gain": {
        "count": 100,
        "mae": 0.67,
        "pearson": 0.3911539666714341,
        "spearman": 0.40226990559675146
      },
      "content_preservation": {
        "count": 100,
        "mae": 0.09,
        "pearson": 0.7794710174804481,
        "spearman": 0.852835109325337
      },
      "visual_naturalness": {
        "count": 100,
        "mae": 0.18,
        "pearson": 0.83922402463042,
        "spearman": 0.9562496134786589
      }
    },
    "by_subset": {
      "aesrecon_500": {
        "count": 20,
        "overall_label": {
          "accuracy": 1.0,
          "macro_precision": 0.3333333333333333,
          "macro_recall": 0.3333333333333333,
          "macro_f1": 0.3333333333333333,
          "weighted_precision": 1.0,
          "weighted_recall": 1.0,
          "weighted_f1": 1.0,
          "confusion_matrix_labels": [
            "lose",
            "tie",
            "win"
          ],
          "confusion_matrix": [
            [
              0,
              0,
              0
            ],
            [
              0,
              0,
              0
            ],
            [
              0,
              0,
              20
            ]
          ],
          "per_class": {
            "lose": {
              "precision": 0.0,
              "recall": 0.0,
              "f1": 0.0,
              "support": 0
            },
            "tie": {
              "precision": 0.0,
              "recall": 0.0,
              "f1": 0.0,
              "support": 0
            },
            "win": {
              "precision": 1.0,
              "recall": 1.0,
              "f1": 1.0,
              "support": 20
            }
          }
        },
        "regression": {
          "improvement_score": {
            "count": 20,
            "mae": 0.4,
            "pearson": 0.3513909642493638,
            "spearman": 0.3608439182435162
          },
          "composition_gain": {
            "count": 20,
            "mae": 0.1,
            "pearson": null,
            "spearman": null
          },
          "content_preservation": {
            "count": 20,
            "mae": 0.0,
            "pearson": null,
            "spearman": null
          },
          "visual_naturalness": {
            "count": 20,
            "mae": 0.0,
            "pearson": null,
            "spearman": null
          }
        }
      },
      "fcdb": {
        "count": 50,
        "overall_label": {
          "accuracy": 0.4,
          "macro_precision": 0.40196078431372556,
          "macro_recall": 0.39828431372549017,
          "macro_f1": 0.399881164587047,
          "weighted_precision": 0.4041176470588235,
          "weighted_recall": 0.4,
          "weighted_f1": 0.4018181818181818,
          "confusion_matrix_labels": [
            "lose",
            "tie",
            "win"
          ],
          "confusion_matrix": [
            [
              8,
              6,
              3
            ],
            [
              4,
              5,
              7
            ],
            [
              4,
              6,
              7
            ]
          ],
          "per_class": {
            "lose": {
              "precision": 0.5,
              "recall": 0.47058823529411764,
              "f1": 0.48484848484848486,
              "support": 17
            },
            "tie": {
              "precision": 0.29411764705882354,
              "recall": 0.3125,
              "f1": 0.30303030303030304,
              "support": 16
            },
            "win": {
              "precision": 0.4117647058823529,
              "recall": 0.4117647058823529,
              "f1": 0.4117647058823529,
              "support": 17
            }
          }
        },
        "regression": {
          "improvement_score": {
            "count": 50,
            "mae": 1.168,
            "pearson": 0.22638225050110827,
            "spearman": 0.23662384356097593
          },
          "composition_gain": {
            "count": 50,
            "mae": 1.06,
            "pearson": 0.23075387044589607,
            "spearman": 0.23528389490193063
          },
          "content_preservation": {
            "count": 50,
            "mae": 0.0,
            "pearson": null,
            "spearman": null
          },
          "visual_naturalness": {
            "count": 50,
            "mae": 0.0,
            "pearson": null,
            "spearman": null
          }
        }
      },
      "reframegen_seedream_strong150": {
        "count": 30,
        "overall_label": {
          "accuracy": 0.6333333333333333,
          "macro_precision": 0.43288084464555054,
          "macro_recall": 0.47222222222222215,
          "macro_f1": 0.44499178981937604,
          "weighted_precision": 0.5963800904977375,
          "weighted_recall": 0.6333333333333333,
          "weighted_f1": 0.6054187192118228,
          "confusion_matrix_labels": [
            "lose",
            "tie",
            "win"
          ],
          "confusion_matrix": [
            [
              0,
              3,
              0
            ],
            [
              0,
              9,
              3
            ],
            [
              0,
              5,
              10
            ]
          ],
          "per_class": {
            "lose": {
              "precision": 0.0,
              "recall": 0.0,
              "f1": 0.0,
              "support": 3
            },
            "tie": {
              "precision": 0.5294117647058824,
              "recall": 0.75,
              "f1": 0.6206896551724138,
              "support": 12
            },
            "win": {
              "precision": 0.7692307692307693,
              "recall": 0.6666666666666666,
              "f1": 0.7142857142857143,
              "support": 15
            }
          }
        },
        "regression": {
          "improvement_score": {
            "count": 30,
            "mae": 0.38666666666666666,
            "pearson": 0.5013558181018211,
            "spearman": 0.5062683994757053
          },
          "composition_gain": {
            "count": 30,
            "mae": 0.4,
            "pearson": 0.5044048763704108,
            "spearman": 0.5062683994757053
          },