{
  "model": "clip_multitask_mlp",
  "vision_model": "data/cache/clip-vit-base-patch32",
  "device": "cuda",
  "feature": "[source, edited, edited-source, source*edited]",
  "feature_dim": 2048,
  "records": {
    "train": 800,
    "val": 100,
    "test": 100
  },
  "class_distribution": {
    "train": {
      "win": 462,
      "lose": 120,
      "tie": 218
    },
    "val": {
      "win": 56,
      "lose": 15,
      "tie": 29
    },
    "test": {
      "win": 52,
      "lose": 20,
      "tie": 28
    }
  },
  "label_mapping": {
    "lose": 0,
    "tie": 1,
    "win": 2
  },
  "regression_targets": [
    "improvement_score",
    "composition_gain",
    "content_preservation",
    "visual_naturalness"
  ],
  "training": {
    "epochs": 80,
    "best_epoch": 2,
    "best_val_macro_f1": 0.5985138654818446,
    "hidden_dim": 512,
    "dropout": 0.2,
    "lr": 0.001,
    "weight_decay": 0.0001,
    "regression_loss_weight": 0.3
  },
  "val": {
    "overall_label": {
      "accuracy": 0.66,
      "macro_precision": 0.5941584967320261,
      "macro_recall": 0.606143951833607,
      "macro_f1": 0.5985138654818446,
      "weighted_precision": 0.6786825980392157,
      "weighted_recall": 0.66,
      "weighted_f1": 0.6677164087635974,
      "confusion_matrix_labels": [
        "lose",
        "tie",
        "win"
      ],
      "confusion_matrix": [
        [
          8,
          7,
          0
        ],
        [
          6,
          15,
          8
        ],
        [
          3,
          10,
          43
        ]
      ],
      "per_class": {
        "lose": {
          "precision": 0.47058823529411764,
          "recall": 0.5333333333333333,
          "f1": 0.5,
          "support": 15
        },
        "tie": {
          "precision": 0.46875,
          "recall": 0.5172413793103449,
          "f1": 0.4918032786885246,
          "support": 29
        },
        "win": {
          "precision": 0.8431372549019608,
          "recall": 0.7678571428571429,
          "f1": 0.8037383177570093,
          "support": 56
        }
      }
    },
    "regression": {
      "improvement_score": {
        "count": 100,
        "mae": 0.6883057951927185,
        "pearson": 0.6077555400477441,
        "spearman": 0.5684001607815246
      },
      "composition_gain": {
        "count": 100,
        "mae": 0.5908631682395935,
        "pearson": 0.5484418874757637,
        "spearman": 0.5249651995183502
      },
      "content_preservation": {
        "count": 100,
        "mae": 0.2726755738258362,
        "pearson": 0.36614650086937095,
        "spearman": 0.30753181466103224
      },
      "visual_naturalness": {
        "count": 100,
        "mae": 0.4188547432422638,
        "pearson": 0.599704309078047,
        "spearman": 0.5344961233662328
      }
    }
  },
  "test": {
    "overall_label": {
      "accuracy": 0.59,
      "macro_precision": 0.5538108056665851,
      "macro_recall": 0.5386446886446886,
      "macro_f1": 0.5332204027856201,
      "weighted_precision": 0.6108866954890285,
      "weighted_recall": 0.59,
      "weighted_f1": 0.5902428006775833,
      "confusion_matrix_labels": [
        "lose",
        "tie",
        "win"
      ],
      "confusion_matrix": [
        [
          6,
          12,
          2
        ],
        [
          1,
          18,
          9
        ],
        [
          6,
          11,
          35
        ]
      ],
      "per_class": {
        "lose": {
          "precision": 0.46153846153846156,
          "recall": 0.3,
          "f1": 0.36363636363636365,
          "support": 20
        },
        "tie": {
          "precision": 0.43902439024390244,
          "recall": 0.6428571428571429,
          "f1": 0.5217391304347826,
          "support": 28
        },
        "win": {
          "precision": 0.7608695652173914,
          "recall": 0.6730769230769231,
          "f1": 0.7142857142857143,
          "support": 52
        }
      }
    },
    "regression": {
      "improvement_score": {
        "count": 100,
        "mae": 0.8545218706130981,
        "pearson": 0.3979882814318415,
        "spearman": 0.3516757714636657
      },
      "composition_gain": {
        "count": 100,
        "mae": 0.7310808300971985,
        "pearson": 0.40117184306743864,
        "spearman": 0.3697517441505954
      },
      "content_preservation": {
        "count": 100,
        "mae": 0.3614227771759033,
        "pearson": 0.15763820678627982,
        "spearman": 0.12636140702247933
      },
      "visual_naturalness": {
        "count": 100,
        "mae": 0.4486457109451294,
        "pearson": 0.6281799414389481,
        "spearman": 0.646803301770333
      }
    }
  },
  "test_by_subset": {
    "aesrecon_500": {
      "count": 20,
      "overall_label": {
        "accuracy": 0.95,
        "macro_precision": 0.3333333333333333,
        "macro_recall": 0.31666666666666665,
        "macro_f1": 0.3247863247863248,
        "weighted_precision": 1.0,
        "weighted_recall": 0.95,
        "weighted_f1": 0.9743589743589742,
        "confusion_matrix_labels": [
          "lose",
          "tie",
          "win"
        ],
        "confusion_matrix": [
          [
            0,
            0,
            0
          ],
          [
            0,
            0,
            0
          ],
          [
            0,
            1,
            19
          ]
        ],
        "per_class": {
          "lose": {
            "precision": 0.0,
            "recall": 0.0,
            "f1": 0.0,
            "support": 0
          },
          "tie": {
            "precision": 0.0,
            "recall": 0.0,
            "f1": 0.0,
            "support": 0
          },
          "win": {
            "precision": 1.0,
            "recall": 0.95,
            "f1": 0.9743589743589743,
            "support": 20
          }
        }
      },
      "regression": {
        "improvement_score": {
          "count": 20,
          "mae": 0.6138859987258911,
          "pearson": -0.05492408311031631,
          "spearman": -0.08510644963469902
        },
        "composition_gain": {
          "count": 20,
          "mae": 0.2366478443145752,
          "pearson": 0.022308812872802064,
          "spearman": 0.11561466260321598
        },
        "content_preservation": {
          "count": 20,
          "mae": 0.17739996314048767,
          "pearson": null,
          "spearman": null
        },
        "visual_naturalness": {
          "count": 20,
          "mae": 0.5571932792663574,
          "pearson": null,
          "spearman": null
        }
      }
    },
    "fcdb": {
      "count": 50,
      "overall_label": {
        "accuracy": 0.42,
        "macro_precision": 0.42259615384615384,
        "macro_recall": 0.4276960784313726,
        "macro_f1": 0.3744949494949495,
        "weighted_precision": 0.42292307692307696,
        "weighted_recall": 0.42,
        "weighted_f1": 0.3711515151515152,
        "confusion_matrix_labels": [
          "lose",
          "tie",
          "win"
        ],
        "confusion_matrix": [
          [
            6,
            10,
            1
          ],
          [
            1,
            13,
            2
          ],
          [
            6,
            9,
            2
          ]
        ],
        "per_class": {
          "lose": {
            "precision": 0.46153846153846156,
            "recall": 0.35294117647058826,
            "f1": 0.4,
            "support": 17
          },
          "tie": {
            "precision": 0.40625,
            "recall": 0.8125,
            "f1": 0.5416666666666666,
            "support": 16
          },
          "win": {
            "precision": 0.4,
            "recall": 0.11764705882352941,
            "f1": 0.18181818181818182,
            "support": 17
          }
        }
      },
      "regression": {
        "improvement_score": {
          "count": 50,
          "mae": 1.1682065725326538,
          "pearson": 0.18295167615058544,