{
  "model": "qwen35_local_judge",
  "model_name": "Qwen/Qwen3.5-4B",
  "adapter": null,
  "judge_mode": "blind_ab",
  "shuffle_order": true,
  "input_jsonl": "data/reframejudge_v1/splits/reframejudge_v1_combined_balanced1000_test.jsonl",
  "records": 100,
  "max_samples": null,
  "temperature": 0.0,
  "max_new_tokens": 512,
  "load_in_4bit": true,
  "metrics": {
    "overall_label": {
      "accuracy": 0.47,
      "macro_precision": 0.28530092592592593,
      "macro_recall": 0.4038461538461539,
      "macro_f1": 0.3316912972085386,
      "weighted_precision": 0.35618055555555556,
      "weighted_recall": 0.47,
      "weighted_f1": 0.40315270935960595,
      "confusion_matrix_labels": [
        "lose",
        "tie",
        "win"
      ],
      "confusion_matrix": [
        [
          10,
          0,
          10
        ],
        [
          11,
          0,
          17
        ],
        [
          15,
          0,
          37
        ]
      ],
      "per_class": {
        "lose": {
          "precision": 0.2777777777777778,
          "recall": 0.5,
          "f1": 0.35714285714285715,
          "support": 20
        },
        "tie": {
          "precision": 0.0,
          "recall": 0.0,
          "f1": 0.0,
          "support": 28
        },
        "win": {
          "precision": 0.578125,
          "recall": 0.7115384615384616,
          "f1": 0.6379310344827587,
          "support": 52
        }
      }
    },
    "regression": {
      "improvement_score": {
        "count": 100,
        "mae": 1.1039999999999999,
        "pearson": 0.18653282402974555,
        "spearman": 0.16217377637373562
      },
      "composition_gain": {
        "count": 100,
        "mae": 0.98,
        "pearson": 0.2638299001862915,
        "spearman": 0.31558670886893114
      },
      "content_preservation": {
        "count": 100,
        "mae": 0.37,
        "pearson": 0.17247260087259847,
        "spearman": 0.17992595347434856
      },
      "visual_naturalness": {
        "count": 100,
        "mae": 0.38,
        "pearson": 0.3176836163810764,
        "spearman": 0.31482812235369356
      }
    },
    "by_subset": {
      "aesrecon_500": {
        "count": 20,
        "overall_label": {
          "accuracy": 0.75,
          "macro_precision": 0.3333333333333333,
          "macro_recall": 0.25,
          "macro_f1": 0.2857142857142857,
          "weighted_precision": 1.0,
          "weighted_recall": 0.75,
          "weighted_f1": 0.8571428571428571,
          "confusion_matrix_labels": [
            "lose",
            "tie",
            "win"
          ],
          "confusion_matrix": [
            [
              0,
              0,
              0
            ],
            [
              0,
              0,
              0
            ],
            [
              5,
              0,
              15
            ]
          ],
          "per_class": {
            "lose": {
              "precision": 0.0,
              "recall": 0.0,
              "f1": 0.0,
              "support": 0
            },
            "tie": {
              "precision": 0.0,
              "recall": 0.0,
              "f1": 0.0,
              "support": 0
            },
            "win": {
              "precision": 1.0,
              "recall": 0.75,
              "f1": 0.8571428571428571,
              "support": 20
            }
          }
        },
        "regression": {
          "improvement_score": {
            "count": 20,
            "mae": 0.95,
            "pearson": 0.05937536092036273,
            "spearman": 0.012487810821089254
          },
          "composition_gain": {
            "count": 20,
            "mae": 0.35,
            "pearson": 0.36851386559504434,
            "spearman": 0.36851386559504445
          },
          "content_preservation": {
            "count": 20,
            "mae": 0.7,
            "pearson": null,
            "spearman": null
          },
          "visual_naturalness": {
            "count": 20,
            "mae": 0.25,
            "pearson": null,
            "spearman": null
          }
        }
      },
      "fcdb": {
        "count": 50,
        "overall_label": {
          "accuracy": 0.36,
          "macro_precision": 0.23939881910896402,
          "macro_recall": 0.35294117647058826,
          "macro_f1": 0.28484848484848485,
          "weighted_precision": 0.2441867954911433,
          "weighted_recall": 0.36,
          "weighted_f1": 0.29054545454545455,
          "confusion_matrix_labels": [
            "lose",
            "tie",
            "win"
          ],
          "confusion_matrix": [
            [
              8,
              0,
              9
            ],
            [
              8,
              0,
              8
            ],
            [
              7,
              0,
              10
            ]
          ],
          "per_class": {
            "lose": {
              "precision": 0.34782608695652173,
              "recall": 0.47058823529411764,
              "f1": 0.4,
              "support": 17
            },
            "tie": {
              "precision": 0.0,
              "recall": 0.0,
              "f1": 0.0,
              "support": 16
            },
            "win": {
              "precision": 0.37037037037037035,
              "recall": 0.5882352941176471,
              "f1": 0.45454545454545453,
              "support": 17
            }
          }
        },
        "regression": {
          "improvement_score": {
            "count": 50,
            "mae": 1.3360000000000003,
            "pearson": 0.08389752178778233,
            "spearman": 0.0857092117077968
          },
          "composition_gain": {
            "count": 50,
            "mae": 1.24,
            "pearson": 0.043314808182421,
            "spearman": 0.01678812096275352
          },
          "content_preservation": {
            "count": 50,
            "mae": 0.14,
            "pearson": null,
            "spearman": null
          },
          "visual_naturalness": {
            "count": 50,
            "mae": 0.12,
            "pearson": null,
            "spearman": null
          }
        }
      },
      "reframegen_seedream_strong150": {
        "count": 30,
        "overall_label": {
          "accuracy": 0.4666666666666667,
          "macro_precision": 0.26515151515151514,
          "macro_recall": 0.48888888888888893,
          "macro_f1": 0.3374283374283375,
          "weighted_precision": 0.29772727272727273,
          "weighted_recall": 0.4666666666666667,
          "weighted_f1": 0.36068796068796066,
          "confusion_matrix_labels": [
            "lose",
            "tie",
            "win"
          ],
          "confusion_matrix": [
            [
              2,
              0,
              1
            ],
            [
              3,
              0,
              9
            ],
            [
              3,
              0,
              12
            ]
          ],
          "per_class": {
            "lose": {
              "precision": 0.25,
              "recall": 0.6666666666666666,
              "f1": 0.36363636363636365,
              "support": 3
            },
            "tie": {
              "precision": 0.0,
              "recall": 0.0,
              "f1": 0.0,
              "support": 12
            },
            "win": {
              "precision": 0.5454545454545454,
              "recall": 0.8,
              "f1": 0.6486486486486487,
              "support": 15
            }
          }
        },
        "regression": {
          "improvement_score": {
            "count": 30,
            "mae": 0.8200000000000001,
            "pearson": 0.3606105581762552,
            "spearman": 0.3396729659893111
          },
          "composition_gain": {
            "count": 30,
            "mae": 0.9666666666666667,
            "pearson": 0.29917876712049846,
            "spearman": 0.27011121680604905
          },