{
  "model": "qwen_vl_local_judge",
  "model_name": "Qwen/Qwen2.5-VL-3B-Instruct",
  "adapter": null,
  "judge_mode": "blind_ab",
  "shuffle_order": true,
  "input_jsonl": "data/reframejudge_v1/splits/reframejudge_v1_combined_balanced1000_test.jsonl",
  "records": 100,
  "max_samples": null,
  "temperature": 0.0,
  "max_new_tokens": 512,
  "min_pixels": 200704,
  "max_pixels": 602112,
  "load_in_4bit": true,
  "metrics": {
    "overall_label": {
      "accuracy": 0.37,
      "macro_precision": 0.2563070316693505,
      "macro_recall": 0.35000000000000003,
      "macro_f1": 0.27596984739841884,
      "weighted_precision": 0.3346537842190016,
      "weighted_recall": 0.37,
      "weighted_f1": 0.3353778268063982,
      "confusion_matrix_labels": [
        "lose",
        "tie",
        "win"
      ],
      "confusion_matrix": [
        [
          11,
          0,
          9
        ],
        [
          17,
          0,
          11
        ],
        [
          26,
          0,
          26
        ]
      ],
      "per_class": {
        "lose": {
          "precision": 0.2037037037037037,
          "recall": 0.55,
          "f1": 0.2972972972972973,
          "support": 20
        },
        "tie": {
          "precision": 0.0,
          "recall": 0.0,
          "f1": 0.0,
          "support": 28
        },
        "win": {
          "precision": 0.5652173913043478,
          "recall": 0.5,
          "f1": 0.5306122448979592,
          "support": 52
        }
      }
    },
    "regression": {
      "improvement_score": {
        "count": 100,
        "mae": 1.362,
        "pearson": -0.04864164477996998,
        "spearman": -0.05009966434279846
      },
      "composition_gain": {
        "count": 100,
        "mae": 0.87,
        "pearson": null,
        "spearman": null
      },
      "content_preservation": {
        "count": 100,
        "mae": 0.28,
        "pearson": -0.07116586891508235,
        "spearman": -0.07786402603217918
      },
      "visual_naturalness": {
        "count": 100,
        "mae": 0.53,
        "pearson": -0.14405203276001494,
        "spearman": -0.11776599396996454
      }
    },
    "by_subset": {
      "aesrecon_500": {
        "count": 20,
        "overall_label": {
          "accuracy": 0.5,
          "macro_precision": 0.3333333333333333,
          "macro_recall": 0.16666666666666666,
          "macro_f1": 0.2222222222222222,
          "weighted_precision": 1.0,
          "weighted_recall": 0.5,
          "weighted_f1": 0.6666666666666666,
          "confusion_matrix_labels": [
            "lose",
            "tie",
            "win"
          ],
          "confusion_matrix": [
            [
              0,
              0,
              0
            ],
            [
              0,
              0,
              0
            ],
            [
              10,
              0,
              10
            ]
          ],
          "per_class": {
            "lose": {
              "precision": 0.0,
              "recall": 0.0,
              "f1": 0.0,
              "support": 0
            },
            "tie": {
              "precision": 0.0,
              "recall": 0.0,
              "f1": 0.0,
              "support": 0
            },
            "win": {
              "precision": 1.0,
              "recall": 0.5,
              "f1": 0.6666666666666666,
              "support": 20
            }
          }
        },
        "regression": {
          "improvement_score": {
            "count": 20,
            "mae": 1.3,
            "pearson": 0.10987237551453592,
            "spearman": 0.11605177063713192
          },
          "composition_gain": {
            "count": 20,
            "mae": 0.1,
            "pearson": null,
            "spearman": null
          },
          "content_preservation": {
            "count": 20,
            "mae": 0.05,
            "pearson": null,
            "spearman": null
          },
          "visual_naturalness": {
            "count": 20,
            "mae": 0.3,
            "pearson": null,
            "spearman": null
          }
        }
      },
      "fcdb": {
        "count": 50,
        "overall_label": {
          "accuracy": 0.36,
          "macro_precision": 0.23939881910896402,
          "macro_recall": 0.35294117647058826,
          "macro_f1": 0.28484848484848485,
          "weighted_precision": 0.2441867954911433,
          "weighted_recall": 0.36,
          "weighted_f1": 0.29054545454545455,
          "confusion_matrix_labels": [
            "lose",
            "tie",
            "win"
          ],
          "confusion_matrix": [
            [
              10,
              0,
              7
            ],
            [
              8,
              0,
              8
            ],
            [
              9,
              0,
              8
            ]
          ],
          "per_class": {
            "lose": {
              "precision": 0.37037037037037035,
              "recall": 0.5882352941176471,
              "f1": 0.45454545454545453,
              "support": 17
            },
            "tie": {
              "precision": 0.0,
              "recall": 0.0,
              "f1": 0.0,
              "support": 16
            },
            "win": {
              "precision": 0.34782608695652173,
              "recall": 0.47058823529411764,
              "f1": 0.4,
              "support": 17
            }
          }
        },
        "regression": {
          "improvement_score": {
            "count": 50,
            "mae": 1.592,
            "pearson": -0.04415337040504121,
            "spearman": -0.05038914446103202
          },
          "composition_gain": {
            "count": 50,
            "mae": 1.32,
            "pearson": null,
            "spearman": null
          },
          "content_preservation": {
            "count": 50,
            "mae": 0.02,
            "pearson": null,
            "spearman": null
          },
          "visual_naturalness": {
            "count": 50,
            "mae": 0.24,
            "pearson": null,
            "spearman": null
          }
        }
      },
      "reframegen_seedream_strong150": {
        "count": 30,
        "overall_label": {
          "accuracy": 0.3,
          "macro_precision": 0.22473604826546004,
          "macro_recall": 0.2888888888888889,
          "macro_f1": 0.2238095238095238,
          "weighted_precision": 0.31357466063348416,
          "weighted_recall": 0.3,
          "weighted_f1": 0.2957142857142857,
          "confusion_matrix_labels": [
            "lose",
            "tie",
            "win"
          ],
          "confusion_matrix": [
            [
              1,
              0,
              2
            ],
            [
              9,
              0,
              3
            ],
            [
              7,
              0,
              8
            ]
          ],
          "per_class": {
            "lose": {
              "precision": 0.058823529411764705,
              "recall": 0.3333333333333333,
              "f1": 0.1,
              "support": 3
            },
            "tie": {
              "precision": 0.0,
              "recall": 0.0,
              "f1": 0.0,
              "support": 12
            },
            "win": {
              "precision": 0.6153846153846154,
              "recall": 0.5333333333333333,
              "f1": 0.5714285714285714,
              "support": 15
            }
          }
        },
        "regression": {
          "improvement_score": {
            "count": 30,
            "mae": 1.02,
            "pearson": -0.11119564837277739,
            "spearman": -0.1574111830302613
          },
          "composition_gain": {
            "count": 30,
            "mae": 0.6333333333333333,
            "pearson": null,
            "spearman": null
          },
          "content_preservation": {
            "count": 30,
            "mae": 0.8666666666666667,
            "pearson": null,