{
  "model": "clip_score_regression",
  "clip_model": "data/cache/clip-vit-base-patch32",
  "device": "cuda",
  "feature_dim": 2048,
  "records": {
    "train": 4000,
    "val": 500,
    "test": 500
  },
  "label_mapping": {
    "lose": 0,
    "tie": 1,
    "win": 2
  },
  "target": "vote_margin / total_votes",
  "class_distribution": {
    "train": {
      "lose": 1185,
      "tie": 1630,
      "win": 1185
    },
    "val": {
      "lose": 156,
      "tie": 188,
      "win": 156
    },
    "test": {
      "lose": 170,
      "tie": 160,
      "win": 170
    }
  },
  "score_distribution": {
    "train": {
      "-1.0": 388,
      "-0.6": 797,
      "-0.2": 815,
      "0.2": 815,
      "0.6": 797,
      "1.0": 388
    },
    "val": {
      "-1.0": 60,
      "-0.6": 96,
      "-0.2": 94,
      "0.2": 94,
      "0.6": 96,
      "1.0": 60
    },
    "test": {
      "-1.0": 71,
      "-0.6": 99,
      "-0.2": 80,
      "0.2": 80,
      "0.6": 99,
      "1.0": 71
    }
  },
  "regressor": {
    "name": "Ridge",
    "alpha": 10.0
  },
  "threshold_calibration": {
    "metric": 0.4714836965930096,
    "low_threshold": -0.20207472020965755,
    "high_threshold": 0.20207726232782255,
    "accuracy": 0.472,
    "macro_f1": 0.4714836965930096
  },
  "train_regression": {
    "mae": 0.37220653891563416,
    "rmse": 0.45878645505200744,
    "pearson": 0.6364071369171143,
    "spearman": 0.6364059407643042,
    "target_summary": {
      "min": -1.0,
      "p05": -1.0,
      "p25": -0.6000000238418579,
      "median": 0.0,
      "p75": 0.6000000238418579,
      "p95": 1.0,
      "max": 1.0
    },
    "prediction_summary": {
      "min": -1.234776496887207,
      "p05": -0.6271512508392334,
      "p25": -0.23996052145957947,
      "median": -6.03613443672657e-08,
      "p75": 0.23996031284332275,
      "p95": 0.6271499395370483,
      "max": 1.2347819805145264
    }
  },
  "val_regression": {
    "mae": 0.5221572518348694,
    "rmse": 0.6322181170785984,
    "pearson": 0.2950035035610199,
    "spearman": 0.27782053696153824,
    "target_summary": {
      "min": -1.0,
      "p05": -1.0,
      "p25": -0.6000000238418579,
      "median": 0.0,
      "p75": 0.6000000238418579,
      "p95": 1.0,
      "max": 1.0
    },
    "prediction_summary": {
      "min": -1.1359714269638062,
      "p05": -0.6112886071205139,
      "p25": -0.27022480964660645,
      "median": -6.415066309273243e-07,
      "p75": 0.2702254354953766,
      "p95": 0.6112847328186035,
      "max": 1.1359584331512451
    }
  },
  "test_regression": {
    "mae": 0.5763659477233887,
    "rmse": 0.7093676747351383,
    "pearson": 0.23945960402488708,
    "spearman": 0.27799624001912715,
    "target_summary": {
      "min": -1.0,
      "p05": -1.0,
      "p25": -0.6000000238418579,
      "median": 0.0,
      "p75": 0.6000000238418579,
      "p95": 1.0,
      "max": 1.0
    },
    "prediction_summary": {
      "min": -2.1588523387908936,
      "p05": -0.7423279285430908,
      "p25": -0.25353193283081055,
      "median": 1.459549821447581e-06,
      "p75": 0.2535427212715149,
      "p95": 0.7423250079154968,
      "max": 2.158844470977783
    }
  },
  "val": {
    "accuracy": 0.472,
    "macro_precision": 0.47409902472315785,
    "macro_recall": 0.47008547008547,
    "macro_f1": 0.4714836965930096,
    "weighted_precision": 0.4729605706360213,
    "weighted_recall": 0.472,
    "weighted_f1": 0.47184681107704685,
    "confusion_matrix_labels": [
      "lose",
      "tie",
      "win"
    ],
    "confusion_matrix": [
      [
        71,
        56,
        29
      ],
      [
        47,
        94,
        47
      ],
      [
        29,
        56,
        71
      ]
    ],
    "per_class": {
      "lose": {
        "precision": 0.48299319727891155,
        "recall": 0.4551282051282051,
        "f1": 0.46864686468646866,
        "support": 156
      },
      "tie": {
        "precision": 0.4563106796116505,
        "recall": 0.5,
        "f1": 0.47715736040609136,
        "support": 188
      },
      "win": {
        "precision": 0.48299319727891155,
        "recall": 0.4551282051282051,
        "f1": 0.46864686468646866,
        "support": 156
      }
    }
  },
  "test": {
    "accuracy": 0.424,
    "macro_precision": 0.43814119283602854,
    "macro_recall": 0.42475490196078436,
    "macro_f1": 0.4260774686306601,
    "weighted_precision": 0.44005216484089726,
    "weighted_recall": 0.424,
    "weighted_f1": 0.4267266775777414,
    "confusion_matrix_labels": [
      "lose",
      "tie",
      "win"
    ],
    "confusion_matrix": [
      [
        69,
        71,
        30
      ],
      [
        43,
        74,
        43
      ],
      [
        30,
        71,
        69
      ]
    ],
    "per_class": {
      "lose": {
        "precision": 0.4859154929577465,
        "recall": 0.40588235294117647,
        "f1": 0.4423076923076923,
        "support": 170
      },
      "tie": {
        "precision": 0.3425925925925926,
        "recall": 0.4625,
        "f1": 0.39361702127659576,
        "support": 160
      },
      "win": {
        "precision": 0.4859154929577465,
        "recall": 0.40588235294117647,
        "f1": 0.4423076923076923,
        "support": 170
      }
    }
  }
}